conv,date,exclude,notes,language,latency
1,2/9/2023 17:26,,,English,33542
2,2/10/2023 14:41,,,Nepali,78912
3,2/15/2023 12:02,,,English,277768
4,2/17/2023 12:25,,,English,304351
5,2/23/2023 12:58,,,English,156759
6,2/27/2023 10:00,,,English,161318
7,3/9/2023 13:41,,,English,7976
8,3/16/2023 9:49,,,Nepali,119407
9,3/22/2023 10:18,,,English,139320
10,3/22/2023 15:11,,"mentioned not knowing what to talk about in the middle, somewhat interview-like",English,72962
11,3/30/2023 16:32,,"interruption from housecleaning, but it's done before s 270 (in warmup section)",English,69830
12,4/3/2023 15:32,,,English,75517
13,4/5/2023 14:02,,,Vietnamese,175339
14,4/7/2023 16:32,,,Tamil,450449
15,4/8/2023 15:36,,,English,332834
17,4/14/2023 13:39,,"rain at 13:26, but so far I wasn't able to find in the recording",English,391518
18,4/20/2023 12:30,,,Gujarati,106795
19,4/24/2023 11:56,Y,"""did hear some delay between Kaelie�s voice in the other room and over the phone towards the end of the call.""",English,412893
20,4/26/2023 15:28,,,English,334026
21,4/27/2023 16:26,Y,"""I noticed it for like a moment and then ignored it by focusing on the audio from the headphones""",English,469824
22,4/28/2023 12:26,,guy outside of booth said he was playing on his phone,English,145278
24,5/1/2023 8:22,,,English,63536
25,5/10/2023 10:25,,11:09 backup beeping and children outside - not able to find,English,70622
26,5/23/2023 13:14,,,English,285273
27,5/30/2023 10:00,,,English,103458
28,8/3/2023 14:32,Y,11 gaps > 3.5 s (3 over 7),English,169745
29,8/22/2023 12:48,,,English,248643
30,8/23/2023 10:31,,,Spanish,380255
31,8/24/2023 10:35,,,English,262379
32,8/25/2023 10:27,,,English,183801
33,8/30/2023 9:32,,,English,470876
34,9/2/2023 11:37,,,"English, Yoruba, Pidgin",181921
35,9/2/2023 13:16,,mentioned that he heard a brief silence,"English, Spanish",353526
37,9/11/2023 8:27,,,English,347611
38,9/11/2023 10:27,,,English,430684
39,9/12/2023 12:36,,,English,466147
40,9/12/2023 13:19,,,English,229106
41,9/12/2023 15:03,,,English,451102
42,9/12/2023 15:33,,,"English, Yoruba, Pidgin",437407
43,9/12/2023 17:05,,"5:48 pm extra loud car (s 461), mentioned by person in booth",English,149315
45,9/19/2023 14:58,,,English,305602
46,9/21/2023 14:58,,,English,76074
47,9/21/2023 15:41,,,English,15668
48,9/25/2023 16:46,,"5:39 rumbling starts again, ?",English,72963
49,9/26/2023 15:01,,,English,151941
50,9/27/2023 14:35,,,"English, Spanish",459462
51,9/30/2023 10:02,,"at s 831 ""ok you finish yours"", also crackle on ch 0",English,257662
52,10/2/2023 9:39,,"~ s 38 ""what should we talk about"", mic tapping at some point, 1 gap > 10s (looking up something on phone)",English,8408
53,10/2/2023 10:26,,"11:04 outside rumbling, Light buzzing reported, not sure what they meant",English,243004
54,10/3/2023 12:40,,"1:27 loud car, 1:39 fidget noises followed by ""what is there to talk about""",English,228878
55,10/4/2023 14:29,,"3:21 ""I can hear myself echoing"" (s 1052) ... ""very faintly""",English,307803
56,10/5/2023 10:45,,,Arabic,476630
57,10/6/2023 9:02,,,English,228603
58,10/24/2023 15:34,,,English,163190
59,10/26/2023 13:56,,"2:40 mentioned tapping, 2:53 sirens",English,489835
61,10/27/2023 12:26,,,English,185563
62,11/9/2023 15:57,,,Bengali,222773
63,11/16/2023 16:29,,,Bengali,108701
64,11/17/2023 15:41,,,Arabic,389968
65,11/27/2023 17:58,,"5:41 sirens, also 5:42",English,158998
66,11/29/2023 18:00,,they mention that they can hear another person speaking (next office),English,119967
67,12/5/2023 17:29,,static,English,434781
68,12/11/2023 11:27,,somwhat interview-like,English,89754
70,12/11/2023 13:34,,,English,389193
